id,name,name_bn,area_hint,popularity,query,locality
chorbagan,Chorbagan Sarbojanin,চোরবাগান সার্বজনীন,central,4,Chorbagan Sarbojanin,
sikdarbagan,Sikdarbagan Sarbojanin,সিকদারবাগান সার্বজনীন,north,3,Sikdar Bagan Sarbojanin,"Sikdar Bagan Street, Kolkata"
pathuriaghata_5,Pathuriaghata Panchar Pally,পাথুরিয়াঘাটা পাঁচের পল্লী,north,3,Pathuriaghata Panchar Pally,"Pathuriaghata Street, Kolkata"
darjipara,Darjipara Sarbojanin,দর্জিপাড়া সার্বজনীন,north,3,Darjipara Sarbojanin,"Darjipara, Kolkata"
ultadanga_sangrami,Ultadanga Sangrami,উল্টোডাঙা সংগ্রামী,north,3,Ultadanga Sangrami,"Ultadanga, Kolkata"
dumdum_tarun_dal,Dum Dum Park Tarun Dal,দমদম পার্ক তরুণ দল,north,3,Dum Dum Park Tarun Dal,"Dum Dum Park, Kolkata"
arjunpur_amra_sabai,Arjunpur Amra Sabai Club,অর্জুনপুর আমরা সবাই ক্লাব,north,4,Arjunpur Amra Sabai,"Arjunpur, Kolkata"
kestopur_prafulla_kanan,Kestopur Prafulla Kanan,কেষ্টপুর প্রফুল্লকানন,north,3,Prafulla Kanan Kestopur,"Prafulla Kanan, Kolkata"
beleghata_33_pally,Beleghata 33 Pally,বেলেঘাটা ৩৩ পল্লী,east,3,33 Pally Beleghata,
chakraberia,Chakraberia Sarbojanin,চক্রবেড়িয়া সার্বজনীন,south,3,Chakraberia Sarbojanin,
bakulbagan,Bakulbagan Sarbojanin,বকুলবাগান সার্বজনীন,south,4,Bakul Bagan Sarbojanin,
sanghasree,Kalighat Sanghasree,কালীঘাট সংঘশ্রী,south,3,Sanghasree Kalighat,"Kalighat, Kolkata"
kalighat_milan_sangha,Kalighat Milan Sangha,কালীঘাট মিলন সংঘ,south,3,Kalighat Milan Sangha,
hindustan_club,Hindustan Club,হিন্দুস্থান ক্লাব,south,4,Hindusthan Club Durga Puja,
jodhpur_park_95,Jodhpur Park 95 Pally,যোধপুর পার্ক ৯৫ পল্লী,south,4,95 Pally Jodhpur Park,"Jodhpur Park, Kolkata"
selimpur_pally,Selimpur Pally,সেলিমপুর পল্লী,south,4,Selimpur Pally,"Selimpur, Kolkata"
santoshpur_lake_pally,Santoshpur Lake Pally,সন্তোষপুর লেক পল্লী,south,4,Santoshpur Lake Pally,
santoshpur_trikon_park,Santoshpur Trikon Park,সন্তোষপুর ত্রিকোণ পার্ক,south,4,Trikon Park Santoshpur,"Santoshpur, Kolkata"
purbachal_shakti_sangha,Purbachal Shakti Sangha,পূর্বাচল শক্তি সংঘ,south,3,Purbachal Shakti Sangha,"Purbachal, Kolkata"
naktala_udayan,Naktala Udayan Sangha,নাকতলা উদয়ন সংঘ,south,5,Naktala Udayan Sangha,
thakurpukur_sb_park,Thakurpukur SB Park Sarbojanin,ঠাকুরপুকুর এসবি পার্ক সার্বজনীন,south,4,SB Park Thakurpukur,"Thakurpukur, Kolkata"
behala_club,Behala Club,বেহালা ক্লাব,south,3,Behala Club Durga Puja,
haridevpur_ajeya,Haridevpur Ajeya Sanghati,হরিদেবপুর অজেয় সংহতি,south,4,Ajeya Sanghati Haridevpur,"Haridevpur, Kolkata"
salt_lake_ck,CK Block Salt Lake,সিকে ব্লক সল্টলেক,east,3,CK Block Salt Lake Durga Puja,
salt_lake_ee,EE Block Salt Lake,ইই ব্লক সল্টলেক,east,3,EE Block Salt Lake Durga Puja,
salt_lake_ia,IA Block Salt Lake,আইএ ব্লক সল্টলেক,east,3,IA Block Salt Lake Durga Puja,
salt_lake_cl,CL Block Salt Lake,সিএল ব্লক সল্টলেক,east,3,CL Block Salt Lake Durga Puja,
shibpur_mandirtala,Shibpur Mandirtala Sarbojanin,শিবপুর মন্দিরতলা সার্বজনীন,howrah,3,Mandirtala Shibpur Durga Puja,"Mandirtala, Howrah|Shibpur, Howrah"
salkia_sarbojanin,Salkia Sarbojanin,সালকিয়া সার্বজনীন,howrah,3,Salkia Sarbojanin,"Salkia, Howrah"
shyam_square,Shyam Square Sarbojanin,শ্যাম স্কোয়ার সার্বজনীন,north,3,Shyam Square Durga Puja,"Shyam Square, Kolkata|Shyampukur, Kolkata"
young_boys_club,Young Boys Club,ইয়ং বয়েজ ক্লাব,central,4,Young Boys Club Durga Puja,"Tara Chand Dutta Street, Kolkata"
baguiati_rail_pukur,Baguiati Rail Pukur United Club,বাগুইআটি রেলপুকুর ইউনাইটেড ক্লাব,east,3,Rail Pukur United Club Baguiati,"Baguiati, Kolkata"
allen_park,Park Street Allen Park Puja,পার্ক স্ট্রিট অ্যালেন পার্ক,central,3,Allen Park Park Street,"Allen Park, Kolkata|Park Street, Kolkata"
barisha_sarbojanin,Barisha Sarbojanin,বড়িশা সর্বজনীন,south,4,Barisha Sarbojanin Durgotsab,"Sabarna Para, Barisha, Kolkata|Barisha, Kolkata"
behala_11_pally,Behala 11 Pally Club,বেহালা ১১ পল্লী,south,3,11 Pally Behala,"Behala, Kolkata"
behala_yma,Behala Young Men's Association,বেহালা ইয়ং মেনস অ্যাসোসিয়েশন,south,3,Behala Young Mens Association,"Behala, Kolkata"
71_pally_baishakhi,71 Pally Baishakhi Sarbojanin,৭১ পল্লী বৈশাখী সর্বজনীন,south,3,71 Pally Ballygunge,"Ballygunge, Kolkata"
obosor_sarbojanin,Obosor Sarbojanin,অবসর সর্বজনীন,south,3,Abasar Sarbojanin Bhowanipore,"Bhowanipore, Kolkata"
kendua_shanti_sangha,Kendua Shanti Sangha,কেন্দুয়া শান্তি সংঘ,south,3,Kendua Shanti Sangha,"Kendua, Garia, Kolkata"
lake_gardens_peoples,Lake Gardens Peoples Association,লেক গার্ডেন্স পিপলস অ্যাসোসিয়েশন,south,3,Lake Gardens Peoples Association,"Lake Gardens, Kolkata"
tollygunge_santi_pally,Tollygunge Santi Pally,টালিগঞ্জ শান্তিপল্লী,south,3,Santi Pally Tollygunge,"Tollygunge, Kolkata"
