p000	Dhunachi & Panchadeep.jpg	Dhunuchi and panchapradip
p001	Dhunachi holy smoke.jpg	Dhunuchi smoke
p005	2022 Durga puja in Kolkata 15.jpg	Kolkata pujo 2022
p006	2022 Durga puja in Kolkata 18.jpg	Kolkata pujo 2022
p007	2022 Durga puja in Kolkata 19.jpg	Kolkata pujo 2022
p010	2022 Durga puja in Kolkata 32.jpg	Kolkata pujo 2022
p011	2022 Durga puja in Kolkata 44.jpg	Kolkata pujo 2022
p013	2022 Durga puja in Kolkata 47.jpg	Kolkata pujo 2022
p014	Durga Puja 2024.jpg	Durga Puja 2024
p017	Kolkata Durga Puja Pandle 1.jpg	Kolkata pandal
p034	Durga Puja Festival - Kolkata October 2025.jpg	Kolkata pujo 2025
p035	Nalin Sarkar street Sarbajaneen durga puja 2025 01.jpg	Nalin Sarkar Street 2025
p037	Nalin Sarkar street Sarbajaneen durga puja 2025 03.jpg	Nalin Sarkar Street 2025
p038	Nalin Sarkar street Sarbajaneen durga puja 2025 04.jpg	Nalin Sarkar Street 2025
p040	Nalin Sarkar street Sarbajaneen durga puja 2025 06.jpg	Nalin Sarkar Street 2025
p042	Nalin Sarkar street Sarbajaneen durga puja 2025 09.jpg	Nalin Sarkar Street 2025
p044	Nalin Sarkar street Sarbajaneen durga puja 2025 12.jpg	Nalin Sarkar Street 2025
p046	Nalin Sarkar street Sarbajaneen durga puja 2025 16.jpg	Nalin Sarkar Street 2025
p047	Nalin Sarkar street Sarbajaneen durga puja 2025 17.jpg	Nalin Sarkar Street 2025
p050	Nalin Sarkar street Sarbajaneen durga puja 2025 24.jpg	Nalin Sarkar Street 2025
p051	Nalin Sarkar street Sarbajaneen durga puja 2025 26.jpg	Nalin Sarkar Street 2025
p052	PXL 20250927 074939324.MP Durga Puja at Kolkata 01.jpg	Kolkata pujo 2025
p053	PXL 20250927 074939324.MP Durga Puja at Kolkata 02.jpg	Kolkata pujo 2025
p054	Bodhon The Awakening.jpg	Bodhon
p055	Bodhon.jpg	Bodhon
p060	Durga puja Raj Bhog rama krishna mission.jpg	Raj bhog
p061	Khichiri bhog of Durga puja.jpg	Khichuri bhog
p063	Durga puja Festivities 2023 Lights, Pandals, Shopping, food in south Kolkata 30.jpg	South Kolkata festivities 2023
p064	Durga puja Festivities 2023 Lights, Pandals, Shopping, food in south Kolkata 33.jpg	South Kolkata festivities 2023
p066	Durga puja Festivities 2023 Lights, Pandals, Shopping, food in south Kolkata 35.jpg	South Kolkata festivities 2023
p070	Durga puja Festivities 2023 Lights, Pandals, Shopping, food in south Kolkata 59.jpg	South Kolkata festivities 2023
p072	Durga puja Festivities 2023 Lights, Pandals, Shopping, food in south Kolkata 61.jpg	South Kolkata festivities 2023
p077	Durga puja Festivities 2023 Lights, Pandals, Shopping, food in south Kolkata 66.jpg	South Kolkata festivities 2023
p079	Durga puja Festivities 2023 Lights, Pandals, Shopping, food in south Kolkata 82.jpg	South Kolkata festivities 2023
p084	Tarpan, Kumartuli, Kolkata, India, (IMG 7200), (2).jpg	Kumartuli ghat
p086	Durga Puja Navami celebrations at Ramakrishna Mission Ashram in 2023.jpg	Navami
p087	Durga Puja crowd.jpg	Pujo crowd
p088	Durgotsab.jpg	Durgotsab
p090	2018 Durga Puja Carnival at red road 07.jpg	Red Road carnival 2018
p095	Dhaki playing dhak at Durga puja 2024 at Shantipara, Dibrugarh 11.jpg	Dhaki
p096	Dhakis the traditional Bengali drummers during Durga puja 03.jpg	Dhakis
p099	Durga Puja Carnival Red road Kolkata 2018 DSCN4834 1.jpg	Red Road carnival 2018
p100	Durga Visarjan.jpg	Visarjan
p101	Maa Durga in the Ganga.jpg	Visarjan in the Ganga
p102	In and around Barisha Durga Puja 2024 71.jpg	Barisha lights 2024
p106	Idol of Goddess Durga (Ceremonial Worship) 06.jpg	Durga idol
p107	Idol of Goddess Durga (Ceremonial Worship) 07.jpg	Durga idol
p111	Idol of Goddess Durga (Ceremonial Worship) 18.jpg	Durga idol
p114	Idol of Goddess Durga (Ceremonial Worship) 22.jpg	Durga idol
p116	Idol of Goddess Durga (Ceremonial Worship) 24.jpg	Durga idol
p121	Kala bau snan 2019 03.jpg	Kola bou snan
p143	Making of Durga idol in Kumartuli 01.jpg	Kumartuli
p145	Making of Durga idol in Kumartuli 03.jpg	Kumartuli
p147	Making of Durga idol in Kumartuli 05.jpg	Kumartuli
p148	Making of Durga idol in Kumartuli 06.jpg	Kumartuli
p149	Making of Durga idol in Kumartuli 07.jpg	Kumartuli
p150	Making of Durga idol in Kumartuli 08.jpg	Kumartuli
p151	Making of Durga idol in Kumartuli 09.jpg	Kumartuli
p152	Making of Durga idol in Kumartuli 10.jpg	Kumartuli
p153	Making of Durga idol in Kumartuli 11.jpg	Kumartuli
p154	Making of Durga idol in Kumartuli 12.jpg	Kumartuli
p161	2017 Maha Saptami Behala area of Kolkata Durga Puja 14.jpg	Saptami, Behala
p162	2017 Maha Saptami Behala area of Kolkata Durga Puja 15.jpg	Saptami, Behala
p163	2017 Maha Saptami Behala area of Kolkata Durga Puja 16.jpg	Saptami, Behala
p166	2017 Maha Saptami Behala area of Kolkata Durga Puja 23.jpg	Saptami, Behala
p167	2017 Maha Saptami Behala area of Kolkata Durga Puja 24.jpg	Saptami, Behala
p170	2017 Maha Saptami Behala area of Kolkata Durga Puja 28.jpg	Saptami, Behala
p171	2017 Maha Saptami Behala area of Kolkata Durga Puja 29.jpg	Saptami, Behala
p175	Durga Idol on Maha Saptami day of Durga Puja in Kolkata 2022 01.jpg	Saptami 2022
p176	Durga Idol on Maha Saptami day of Durga Puja in Kolkata 2022 02.jpg	Saptami 2022
p177	Nabapatrika Durga Pooja.jpg	Nabapatrika
p179	Nabapatrika shillya.jpg	Nabapatrika
p180	Bijoya Dashami.jpg	Bijoya Dashami
p181	Dashami Boron.jpg	Dashami boron
p182	Devi Baran and Sindur Khela during 2016 Durga puja in Kolkata 18.jpg	Devi boron and sindoor khela
p184	Devi Baran and Sindur Khela during 2016 Durga puja in Kolkata 27.jpg	Devi boron and sindoor khela
p186	Sindoor Khela in bengali tradition 01.jpg	Sindoor khela
p189	Sindoor Khela-007.jpg	Sindoor khela
p190	Sindoor Khela-011.jpg	Sindoor khela
p191	Sindoor Khela.jpg	Sindoor khela
p193	The Bengali Beauty …. After 'Sindoor Khela'.jpg	After sindoor khela
p194	Woman celebrates 'Sindoor Khela'.jpg	Sindoor khela
