kind,value,reason
dish,Beef roll,not a Kolkata roll
dish,Chinese,unrelated photo
dish,Infusion,unrelated photo
dish,Tadka,unrelated photo
dish,Egg devil,unclear photo
dish,Chaap,soya chaap; restaurant serves mutton chaap
dish,Chicken stew,generic curry photo
place,city_centre_food,photos are of a meetup and not the food court
title_contains,Pallyshree,Ultadanga Pallyshree is a different puja from Ultadanga Sangrami
title_contains,Kalighater Kali,a temple photo and not a puja
place,64_pally_durga_pujo,generic Durga Puja photos from other places
place,sanghati_puja_samiti,photos are of Ajeya Sanghati (Haridevpur)
place,alipore_sarbojanin,photos are of New Alipore pujas
place,kidderpore_sarbojanin,photos are of 25 Palli; not confirmed as the same puja
place,jodhpur_park_95,photos say only Jodhpur Park; may be Jodhpur Park Sarbojanin
place,gouribari_sarbojanin,photo does not name the puja
place,r_k_chatterjee_sarbojanin,photos are of Singhi Park
