id,theme,theme_bn,artist,source_url,source_name,source_date
santosh_mitra,Vande Mataram: 150 years of Bankim Chandra's national song,,,https://organiser.org/2026/07/20/370700/bharat/west-bengal-nationalist-spirit-returns-to-santosh-mitra-square-as-vande-mataram-becomes-2026-durga-puja-theme/,Organiser,2026-07-20
chaltabagan,Nishan – The Mark: godna tattoos and the Ramnami Samaj of Chhattisgarh,,Aditi Chakraborty,https://www.business-standard.com/content/press-releases-ani/chaltabagan-durga-puja-unveils-2026-puja-theme-nishan-inspired-by-ramnami-samaj-announces-durga-puja-connect-global-app-for-the-festival-126090400680_1.html,Business Standard / ANI,2026-09-04
chorbagan,Beyond Sound (91st year),,Susanta Shibani Pal,https://news.webindia123.com/news/Articles/Entertainment/20260907/4495580.html,WebIndia123,2026-09-07
suruchi_sangha,Utso (The Source): life and legacy of Syama Prasad Mookerjee,উৎস,Anirban Das,https://theprint.in/india/renowned-kolkata-durga-puja-to-showcase-syama-prasad-mookerjees-life-legacy/3049915/,ThePrint / PTI,
ballygunge_cultural,"Jojon (Connection): zero-waste puja, 76th year",যোজন,,https://www.sangbadpratidin.in/durga-puja/kolkata-durga-puja/ballygunge-cultural-association-unveils-sustainable-durga-puja-theme-for-2026/pid/1330116/,Sangbad Pratidin,
tala_prattoy,"Biyojon (Separation), 101st year at a new site",বিয়োজন,Susanta Shibani Pal,https://www.etvbharat.com/bn/state/durga-puja-2026-tala-prattoy-shared-details-about-the-concept-and-arrangements-for-this-year-puja-wbs26091006768,ETV Bharat Bangla,2026-09-10
kumartuli_park,"Bhupen Hazarika's song 'O Ganga, why do you flow?' – the river's journey",গঙ্গা তুমি বইছ কেন,,https://www.etvbharat.com/bn/state/bhupen-hazarika-timeless-song-ganga-tumi-boicho-keno-being-brought-to-life-at-kumartuli-park-durga-puja-pandal-wbs26100202773,ETV Bharat Bangla,2026-10-02
sreebhumi,Replica of Jaipur's Hawa Mahal,হাওয়া মহল,,https://www.thewall.in/west-bengal/sreebhumi-sporting-durga-puja-2026-theme-jaipur-hawa-mahal/tid/203809,The Wall,
ekdalia,Replica of Gujarat's Somnath temple,সোমনাথ,,https://kolkatatvonline.in/kolkata/durga-puja-2026-sreebhumi-ekdalia-theme-hawa-mahal-somnath-temple-kolkatatv-online-kolkata-news/,KolkataTV,
ahiritola,Bengal's sweets as carriers of harmony (87th year),মাধুরী মৈত্রীর অন্বেষণে,Manas Das,https://www.etvbharat.com/bn/state/ahiritola-sarbojonin-durga-puja-2026-in-north-kolkata-pandal-themed-rich-history-and-evolution-of-bengal-traditional-sweets-under-the-title-madhuri-maitrayer-anyeshane-wbs26100303694,ETV Bharat Bangla,2026-10-03
samaj_sebi,"Mahapujoy Mahanayak: Uttam Kumar birth centenary, posters of his films",,,https://m.sangbadpratidin.in/article/durga-puja/kolkata-durga-puja/theme-of-kolkata-samaj-sebi-sangha-in-durga-puja-2026-is-uttam-kumar/pid/1321091,Sangbad Pratidin,
jagat_mukherjee,Shankarnama: tribute to dancer Uday Shankar (90th year),শঙ্করনামা,,https://www.etvbharat.com/bn/state/jagat-mukherjee-park-is-highlighting-the-career-of-legendary-dancer-uday-shankar-in-upcoming-sharadotsav-wbs26092901518,ETV Bharat Bangla,2026-09-29
nalin_sarkar,"Jollipi (Water Script): the Ganga, its pollution and erosion",জললিপি,,https://durgapuja.aajkaal.in/kolkata-durgapuja/durga-puja-2026-what-is-the-theme-for-this-years-puja-at-nalin-sarkar-street-538,Aajkaal,
kashi_bose_lane,Warli (Worli) folk art,ওরলি,,https://www.durantbarta.com/festival-and-celebrations/nalin-sarkar-streets-ganga-kashi-bose-lanes-worli-and-hatibagans-chhannachhara-a-spirited-showdown-among-north-kolkatas-pujas,Durantbarta,
hatibagan,Chhannachhara: a slice of old North Kolkata houses and rowak culture,ছন্নছাড়া,,https://www.durantbarta.com/festival-and-celebrations/nalin-sarkar-streets-ganga-kashi-bose-lanes-worli-and-hatibagans-chhannachhara-a-spirited-showdown-among-north-kolkatas-pujas,Durantbarta,
hatibagan_nabinpally,Hasikhushi Para: the neighbourhood as a cheerful 'happy para',হাসিখুশি পাড়া,,https://m.sangbadpratidin.in/article/durga-puja/kolkata-durga-puja/new-look-of-the-famous-puja-of-hatibagan-nabin-pally/pid/1318456,Sangbad Pratidin,
singhi_park,"Art and culture of Bastar, Chhattisgarh (85th year)",,,https://www.etvbharat.com/bn/state/singhi-park-durga-puja-is-set-to-dazzle-with-a-themed-pandal-in-its-85th-years-kicks-off-festival-with-khuti-puja-wbs26080905297,ETV Bharat Bangla,2026-08-09
thakurpukur_sb_park,Raniganj coal mines recreated below the pandal,,,https://www.sangbadpratidin.in/durga-puja/kolkata-durga-puja/durga-puja-2026-behala-pujas-gear-up-for-a-thematic-face-off/pid/1361482/,Sangbad Pratidin,
behala_club,Oil: the world's struggle over oil,,,https://www.sangbadpratidin.in/durga-puja/kolkata-durga-puja/durga-puja-2026-behala-pujas-gear-up-for-a-thematic-face-off/pid/1361482/,Sangbad Pratidin,
alipore_sarbojanin,"The Ramayana, from Ram's exile to the Akal Bodhan",,,https://www.sangbadpratidin.in/kolkata/from-statehood-to-epic-poetry-on-the-theme-of-durga-puja-2026-in-changing-bengal/pid/1314251/,Sangbad Pratidin,
taltala_sarbojanin,Bangadarshan: 150 years of Vande Mataram,বঙ্গদর্শন,,https://m.sangbadpratidin.in/article/durga-puja/kolkata-durga-puja/durga-puja-2026-taltala-sarbojanins-bangadarshan-marks-150-years-of-vande-mataram/pid/1365981,Sangbad Pratidin,
kidderpore_sarbojanin,"Anandamath: tribute to Bankim Chandra, in the puja's centenary year",আনন্দমঠ,Animesh Dutta,https://kolkatatvonline.in/west-bengal/khidderpore-durga-puja-centenary-anandamath-theme-2026-kolkatatv-online-district-news/,KolkataTV,
