id,name,line,lat,lng
noapara,Noapara,blue,22.6400,88.3940
dumdum,Dum Dum,blue,22.6215,88.3915
belgachia,Belgachia,blue,22.6064,88.3830
shyambazar,Shyambazar,blue,22.6006,88.3722
sovabazar,Sovabazar Sutanuti,blue,22.5960,88.3655
girish_park,Girish Park,blue,22.5865,88.3627
mg_road,Mahatma Gandhi Road,blue,22.5796,88.3594
central,Central,blue,22.5713,88.3565
esplanade,Esplanade,blue,22.5640,88.3510
rabindra_sadan,Rabindra Sadan,blue,22.5410,88.3470
netaji_bhavan,Netaji Bhavan,blue,22.5340,88.3460
jatin_das_park,Jatin Das Park,blue,22.5245,88.3463
kalighat,Kalighat,blue,22.5175,88.3462
rabindra_sarobar,Rabindra Sarobar,blue,22.5110,88.3490
tollygunge,Mahanayak Uttam Kumar,blue,22.5000,88.3460
sealdah,Sealdah,green,22.5675,88.3700
city_centre,City Centre,green,22.5880,88.4060
central_park,Central Park,green,22.5850,88.4175
bengal_chemical,Bengal Chemical,green,22.5810,88.4015
taratala,Taratala,purple,22.5010,88.3250
behala_bazar,Behala Bazar,purple,22.4920,88.3170
behala_chowrasta,Behala Chowrasta,purple,22.4820,88.3120
hemanta_mukhopadhyay,Hemanta Mukhopadhyay (Ruby),orange,22.5135,88.4010
ballygunge_rail,Ballygunge Junction (Suburban),suburban,22.5280,88.3665
